frame,timestamp,NOSE_x,NOSE_y,NOSE_z,NOSE_visibility,LEFT_EYE_INNER_x,LEFT_EYE_INNER_y,LEFT_EYE_INNER_z,LEFT_EYE_INNER_visibility,LEFT_EYE_x,LEFT_EYE_y,LEFT_EYE_z,LEFT_EYE_visibility,LEFT_EYE_OUTER_x,LEFT_EYE_OUTER_y,LEFT_EYE_OUTER_z,LEFT_EYE_OUTER_visibility,RIGHT_EYE_INNER_x,RIGHT_EYE_INNER_y,RIGHT_EYE_INNER_z,RIGHT_EYE_INNER_visibility,RIGHT_EYE_x,RIGHT_EYE_y,RIGHT_EYE_z,RIGHT_EYE_visibility,RIGHT_EYE_OUTER_x,RIGHT_EYE_OUTER_y,RIGHT_EYE_OUTER_z,RIGHT_EYE_OUTER_visibility,LEFT_EAR_x,LEFT_EAR_y,LEFT_EAR_z,LEFT_EAR_visibility,RIGHT_EAR_x,RIGHT_EAR_y,RIGHT_EAR_z,RIGHT_EAR_visibility,MOUTH_LEFT_x,MOUTH_LEFT_y,MOUTH_LEFT_z,MOUTH_LEFT_visibility,MOUTH_RIGHT_x,MOUTH_RIGHT_y,MOUTH_RIGHT_z,MOUTH_RIGHT_visibility,LEFT_SHOULDER_x,LEFT_SHOULDER_y,LEFT_SHOULDER_z,LEFT_SHOULDER_visibility,RIGHT_SHOULDER_x,RIGHT_SHOULDER_y,RIGHT_SHOULDER_z,RIGHT_SHOULDER_visibility,LEFT_ELBOW_x,LEFT_ELBOW_y,LEFT_ELBOW_z,LEFT_ELBOW_visibility,RIGHT_ELBOW_x,RIGHT_ELBOW_y,RIGHT_ELBOW_z,RIGHT_ELBOW_visibility,LEFT_WRIST_x,LEFT_WRIST_y,LEFT_WRIST_z,LEFT_WRIST_visibility,RIGHT_WRIST_x,RIGHT_WRIST_y,RIGHT_WRIST_z,RIGHT_WRIST_visibility,LEFT_PINKY_x,LEFT_PINKY_y,LEFT_PINKY_z,LEFT_PINKY_visibility,RIGHT_PINKY_x,RIGHT_PINKY_y,RIGHT_PINKY_z,RIGHT_PINKY_visibility,LEFT_INDEX_x,LEFT_INDEX_y,LEFT_INDEX_z,LEFT_INDEX_visibility,RIGHT_INDEX_x,RIGHT_INDEX_y,RIGHT_INDEX_z,RIGHT_INDEX_visibility,LEFT_THUMB_x,LEFT_THUMB_y,LEFT_THUMB_z,LEFT_THUMB_visibility,RIGHT_THUMB_x,RIGHT_THUMB_y,RIGHT_THUMB_z,RIGHT_THUMB_visibility,LEFT_HIP_x,LEFT_HIP_y,LEFT_HIP_z,LEFT_HIP_visibility,RIGHT_HIP_x,RIGHT_HIP_y,RIGHT_HIP_z,RIGHT_HIP_visibility,LEFT_KNEE_x,LEFT_KNEE_y,LEFT_KNEE_z,LEFT_KNEE_visibility,RIGHT_KNEE_x,RIGHT_KNEE_y,RIGHT_KNEE_z,RIGHT_KNEE_visibility,LEFT_ANKLE_x,LEFT_ANKLE_y,LEFT_ANKLE_z,LEFT_ANKLE_visibility,RIGHT_ANKLE_x,RIGHT_ANKLE_y,RIGHT_ANKLE_z,RIGHT_ANKLE_visibility,LEFT_HEEL_x,LEFT_HEEL_y,LEFT_HEEL_z,LEFT_HEEL_visibility,RIGHT_HEEL_x,RIGHT_HEEL_y,RIGHT_HEEL_z,RIGHT_HEEL_visibility,LEFT_FOOT_INDEX_x,LEFT_FOOT_INDEX_y,LEFT_FOOT_INDEX_z,LEFT_FOOT_INDEX_visibility,RIGHT_FOOT_INDEX_x,RIGHT_FOOT_INDEX_y,RIGHT_FOOT_INDEX_z,RIGHT_FOOT_INDEX_visibility,NOSE_quality,LEFT_EYE_INNER_quality,LEFT_EYE_quality,LEFT_EYE_OUTER_quality,RIGHT_EYE_INNER_quality,RIGHT_EYE_quality,RIGHT_EYE_OUTER_quality,LEFT_EAR_quality,RIGHT_EAR_quality,MOUTH_LEFT_quality,MOUTH_RIGHT_quality,LEFT_SHOULDER_quality,RIGHT_SHOULDER_quality,LEFT_ELBOW_quality,RIGHT_ELBOW_quality,LEFT_WRIST_quality,RIGHT_WRIST_quality,LEFT_PINKY_quality,RIGHT_PINKY_quality,LEFT_INDEX_quality,RIGHT_INDEX_quality,LEFT_THUMB_quality,RIGHT_THUMB_quality,LEFT_HIP_quality,RIGHT_HIP_quality,LEFT_KNEE_quality,RIGHT_KNEE_quality,LEFT_ANKLE_quality,RIGHT_ANKLE_quality,LEFT_HEEL_quality,RIGHT_HEEL_quality,LEFT_FOOT_INDEX_quality,RIGHT_FOOT_INDEX_quality
0,0.0,0.4818456,0.32581195,0.02804793,0.95,0.48597223,0.30057028,0.017672498,0.95,0.49248278,0.31365246,0.025794575,0.95,0.5029268,0.3193026,0.011749351,0.95,0.46138582,0.31700334,0.018572373,0.95,0.45561427,0.3105944,0.02372323,0.95,0.46008086,0.31972957,0.038836338,0.95,0.4982239,0.31866786,0.026787775,0.95,0.45396033,0.3153002,0.032069974,0.95,0.4702772,0.3402134,0.027107047,0.95,0.46437803,0.3321431,0.011685947,0.95,0.5190402,0.38255712,0.04253676,0.95,0.42529774,0.37442943,0.03977656,0.95,0.55846506,0.426896,0.049353853,0.95,0.39986166,0.42356196,0.055749476,0.95,0.57220876,0.4484366,0.048253532,0.95,0.38967767,0.44559416,0.06314621,0.95,0.57372874,0.44721675,0.07224844,0.95,0.39719433,0.4506816,0.046046603,0.95,0.603449,0.43719727,0.037649103,0.95,0.38289407,0.45541427,0.061166205,0.95,0.5604325,0.4425424,0.040761407,0.95,0.3648651,0.4484226,0.035763454,0.95,0.5241418,0.53984326,0.040677186,0.95,0.4391739,0.5328265,0.028483283,0.95,0.51417625,0.64756763,0.04413094,0.95,0.43019167,0.64190584,0.040888894,0.95,0.51785505,0.74312824,0.22543475,0.95,0.43770957,0.7385613,0.20771323,0.95,0.4826528,0.7421421,0.22292131,0.95,0.47606063,0.74244875,0.19452547,0.95,0.53054714,0.7759863,0.093125604,0.95,0.43120655,0.7902302,0.08168576,0.95,0.9,0.9,0.9,0.9,0.9,0.9,0.9,0.9,0.9,0.9,0.9,0.9,0.9,0.9,0.9,0.9,0.9,0.9,0.9,0.9,0.9,0.9,0.9,0.9,0.9,0.9,0.9,0.9,0.9,0.9,0.9,0.9,0.9
1,0.03333333333333333,0.48525223,0.3312965,0.01988715,0.95,0.4914534,0.2902399,0.0026522947,0.95,0.49496436,0.32042402,0.022200538,0.95,0.51606065,0.32969844,-0.0048663635,0.95,0.46419004,0.3213353,0.011239799,0.95,0.45361575,0.31378272,0.014956754,0.95,0.46155816,0.32897133,0.048085008,0.95,0.50309426,0.31857195,0.020053418,0.95,0.45811614,0.3191356,0.032655586,0.95,0.4602426,0.35101187,0.018831601,0.95,0.45841196,0.33549446,-0.002710549,0.95,0.52215505,0.3922379,0.042306855,0.95,0.42402995,0.3724869,0.03138612,0.95,0.57296205,0.42614582,0.04363286,0.95,0.40651634,0.4322943,0.060363203,0.95,0.582748,0.46179137,0.035065707,0.95,0.3829337,0.45967656,0.08055769,0.95,0.58659244,0.4469614,0.07798531,0.95,0.3998921,0.45530984,0.04350503,0.95,0.63541734,0.43101123,0.020212732,0.95,0.37676373,0.47337055,0.07551519,0.95,0.5733421,0.44487172,0.033589024,0.95,0.3498256,0.46261388,0.035524834,0.95,0.53360254,0.54782957,0.04656783,0.95,0.43490526,0.537504,0.026031284,0.95,0.52309364,0.6581468,0.05285139,0.95,0.43478528,0.65080667,0.041191045,0.95,0.5261982,0.7470846,0.25791994,0.95,0.43306908,0.7435626,0.22845052,0.95,0.46422198,0.7411941,0.2492231,0.95,0.49615914,0.7482569,0.19603689,0.95,0.543642,0.77829164,0.092538394,0.95,0.42626402,0.80263245,0.068451725,0.95,0.9,0.9,0.9,0.9,0.9,0.9,0.9,0.9,0.9,0.9,0.9,0.9,0.9,0.9,0.9,0.9,0.9,0.9,0.9,0.9,0.9,0.9,0.9,0.9,0.9,0.9,0.9,0.9,0.9,0.9,0.9,0.9,0.9
2,0.06666666666666667,0.49065745,0.33518377,0.010702713,0.95,0.49942395,0.27951574,-0.01220304,0.95,0.49653956,0.32614037,0.020382866,0.95,0.52814806,0.33887258,-0.019241137,0.95,0.4730021,0.32614937,0.003125949,0.95,0.4521315,0.31968802,0.00506183,0.95,0.46701565,0.3393191,0.057057913,0.95,0.5109191,0.31836915,0.012274306,0.95,0.46276012,0.32268578,0.032709237,0.95,0.45234436,0.3606264,0.01177488,0.95,0.45152208,0.33886856,-0.01612482,0.95,0.53103405,0.4017973,0.043172594,0.95,0.4223212,0.36895564,0.022735909,0.95,0.5939293,0.4241873,0.037016418,0.95,0.41339284,0.4426261,0.06914999,0.95,0.59557927,0.47523326,0.020166084,0.95,0.37597936,0.4745135,0.09806059,0.95,0.5975953,0.45140696,0.08319144,0.95,0.3940841,0.45877212,0.04070069,0.95,0.6575188,0.42123434,0.00637079,0.95,0.37336752,0.49001577,0.09007978,0.95,0.5850353,0.44562444,0.028594956,0.95,0.33820143,0.47859576,0.03504035,0.95,0.5428901,0.555129,0.051395286,0.95,0.4329802,0.54175305,0.025816558,0.95,0.53665644,0.6680347,0.060767937,0.95,0.4452756,0.65866524,0.03874755,0.95,0.5400892,0.75154155,0.28203702,0.95,0.4308879,0.74843854,0.24560301,0.95,0.451336,0.7401651,0.27311784,0.95,0.51404697,0.7563311,0.1970969,0.95,0.5554691,0.7841159,0.0910461,0.95,0.42278117,0.81398684,0.057117037,0.95,0.9,0.9,0.9,0.9,0.9,0.9,0.9,0.9,0.9,0.9,0.9,0.9,0.9,0.9,0.9,0.9,0.9,0.9,0.9,0.9,0.9,0.9,0.9,0.9,0.9,0.9,0.9,0.9,0.9,0.9,0.9,0.9,0.9
3,0.1,0.49755687,0.33738977,0.0011878341,0.95,0.5106001,0.26763108,-0.025408378,0.95,0.4968532,0.33036,0.020909954,0.95,0.53984356,0.3465189,-0.032004803,0.95,0.4875657,0.33162406,-0.0061922986,0.95,0.45265132,0.32703722,-0.0056436933,0.95,0.4773106,0.3498387,0.06546097,0.95,0.522006,0.31730822,0.0046710577,0.95,0.46966696,0.3251534,0.031671587,0.95,0.44626868,0.3681809,0.006030905,0.95,0.4437284,0.34162888,-0.028675383,0.95,0.54532355,0.40992728,0.04532616,0.95,0.4221018,0.36420316,0.012651076,0.95,0.6198171,0.42124897,0.029558554,0.95,0.42232084,0.4536458,0.08229102,0.95,0.6095043,0.4880236,0.0053751883,0.95,0.37218004,0.4888727,0.11516862,0.95,0.60852504,0.45903754,0.08913728,0.95,0.38410574,0.46303797,0.03905799,0.95,0.67333925,0.40879288,-0.0042759483,0.95,0.37315792,0.5044664,0.105300255,0.95,0.59741545,0.4433311,0.026442228,0.95,0.32746652,0.49547884,0.032778062,0.95,0.5536532,0.5620828,0.05589167,0.95,0.43444386,0.5451975,0.026413219,0.95,0.55337644,0.67662525,0.0678243,0.95,0.4599563,0.6659171,0.034537,0.95,0.5575396,0.75717443,0.3015631,0.95,0.43027848,0.7533675,0.26011357,0.95,0.4418516,0.7388694,0.29641032,0.95,0.53009814,0.76537865,0.19900337,0.95,0.5663803,0.79328436,0.08936297,0.95,0.4194123,0.8241954,0.046831038,0.95,0.9,0.9,0.9,0.9,0.9,0.9,0.9,0.9,0.9,0.9,0.9,0.9,0.9,0.9,0.9,0.9,0.9,0.9,0.9,0.9,0.9,0.9,0.9,0.9,0.9,0.9,0.9,0.9,0.9,0.9,0.9,0.9,0.9
4,0.13333333333333333,0.5056211,0.33731446,-0.007934839,0.95,0.5254597,0.25536713,-0.036032178,0.95,0.49626717,0.3318411,0.024448166,0.95,0.55078447,0.35278362,-0.042834755,0.95,0.5070776,0.3375146,-0.016240405,0.95,0.45644686,0.3349599,-0.016398596,0.95,0.492227,0.35941547,0.072492495,0.95,0.53548336,0.3148791,-0.0019625297,0.95,0.4798595,0.32613996,0.029799508,0.95,0.44319147,0.37337115,0.000928472,0.95,0.43578595,0.34322968,-0.039535664,0.95,0.56436706,0.41586798,0.049086735,0.95,0.42503813,0.3577215,0.00081816805,0.95,0.6466364,0.41685706,0.020061268,0.95,0.43373066,0.4641411,0.09893165,0.95,0.62471896,0.49935672,-0.008284855,0.95,0.37156463,0.50135523,0.13037534,0.95,0.6222775,0.46881294,0.09700982,0.95,0.37366045,0.46967942,0.040039804,0.95,0.68622386,0.39617148,-0.013805751,0.95,0.37790838,0.5166042,0.12054668,0.95,0.612529,0.43680385,0.027190292,0.95,0.31526273,0.51191413,0.028303241,0.95,0.56686246,0.5685391,0.06019024,0.95,0.43986264,0.5472573,0.02674812,0.95,0.57161605,0.6833373,0.07387314,0.95,0.47689998,0.67260885,0.029775448,0.95,0.57568353,0.76431125,0.31725824,0.95,0.43092066,0.75887954,0.27256453,0.95,0.4346029,0.73738647,0.3182069,0.95,0.5441919,0.7747019,0.20280607,0.95,0.5758616,0.8048757,0.08791414,0.95,0.4147723,0.832687,0.037548713,0.95,0.9,0.9,0.9,0.9,0.9,0.9,0.9,0.9,0.9,0.9,0.9,0.9,0.9,0.9,0.9,0.9,0.9,0.9,0.9,0.9,0.9,0.9,0.9,0.9,0.9,0.9,0.9,0.9,0.9,0.9,0.9,0.9,0.9
5,0.16666666666666666,0.51470554,0.33425525,-0.016101532,0.95,0.54247963,0.24471997,-0.04394325,0.95,0.4963951,0.32900658,0.031522885,0.95,0.55995643,0.35801727,-0.05075187,0.95,0.5277617,0.34316492,-0.02534313,0.95,0.46413526,0.342863,-0.026330674,0.95,0.50901294,0.3672345,0.077830225,0.95,0.5495074,0.31119037,-0.0073101595,0.95,0.4929032,0.32533023,0.02804902,0.95,0.4450252,0.37621313,-0.004320004,0.95,0.42976505,0.34296817,-0.047635384,0.95,0.58543175,0.4195401,0.054900546,0.95,0.43235993,0.34894067,-0.0118783815,0.95,0.669252,0.41053623,0.0079993205,0.95,0.44658938,0.4726994,0.11618919,0.95,0.6416037,0.50837135,-0.020135839,0.95,0.371429,0.5108535,0.14205147,0.95,0.641137,0.4795583,0.10768559,0.95,0.36527985,0.47946486,0.044923395,0.95,0.69787085,0.38623446,-0.024831962,0.95,0.38977572,0.52641314,0.13448758,0.95,0.6321982,0.42606202,0.030409535,0.95,0.3008419,0.52590287,0.022245796,0.95,0.5813552,0.5740249,0.06409729,0.95,0.44825754,0.54752326,0.025821416,0.95,0.588639,0.687941,0.07864928,0.95,0.49383828,0.67839473,0.02615856,0.95,0.5910965,0.7726725,0.3286823,0.95,0.4326404,0.7656127,0.2834142,0.95,0.4287903,0.73589987,0.3362108,0.95,0.5556179,0.7839331,0.20969485,0.95,0.5833234,0.81687784,0.08665179,0.95,0.4077272,0.83906144,0.029669529,0.95,0.9,0.9,0.9,0.9,0.9,0.9,0.9,0.9,0.9,0.9,0.9,0.9,0.9,0.9,0.9,0.9,0.9,0.9,0.9,0.9,0.9,0.9,0.9,0.9,0.9,0.9,0.9,0.9,0.9,0.9,0.9,0.9,0.9
6,0.2,0.5242816,0.32787442,-0.022929173,0.95,0.5579076,0.23718071,-0.049621955,0.95,0.49922425,0.3210923,0.04199452,0.95,0.56684124,0.36250085,-0.055489432,0.95,0.54453313,0.34761202,-0.031894717,0.95,0.474526,0.3502972,-0.034940235,0.95,0.5230722,0.3730614,0.08232329,0.95,0.5617454,0.30674994,-0.011727877,0.95,0.5063448,0.32260576,0.027331159,0.95,0.4530596,0.37699533,-0.009400853,0.95,0.4280018,0.3399298,-0.052798375,0.95,0.60432,0.42141548,0.062451992,0.95,0.44380167,0.33875397,-0.02381088,0.95,0.6848242,0.40284893,-0.0044254838,0.95,0.45956925,0.47824767,0.13048828,0.95,0.65930134,0.5147138,-0.030166443,0.95,0.3687608,0.51703894,0.1497646,0.95,0.66376483,0.49033353,0.12131656,0.95,0.35877097,0.49139714,0.053188447,0.95,0.70761013,0.38089082,-0.038418982,0.95,0.40795556,0.5338006,0.14543734,0.95,0.6555931,0.4128268,0.035771724,0.95,0.28558528,0.5358454,0.015862701,0.95,0.5941573,0.5780581,0.06736863,0.95,0.45669878,0.5461298,0.023679258,0.95,0.6019002,0.6907304,0.082318306,0.95,0.5083249,0.68276083,0.025124038,0.95,0.6021563,0.78099674,0.3360393,0.95,0.43528125,0.77326894,0.29284102,0.95,0.4236115,0.73466337,0.34881696,0.95,0.5636189,0.7925077,0.2208055,0.95,0.58907545,0.8270496,0.085355535,0.95,0.39967304,0.84357744,0.023173941,0.95,0.9,0.9,0.9,0.9,0.9,0.9,0.9,0.9,0.9,0.9,0.9,0.9,0.9,0.9,0.9,0.9,0.9,0.9,0.9,0.9,0.9,0.9,0.9,0.9,0.9,0.9,0.9,0.9,0.9,0.9,0.9,0.9,0.9
7,0.23333333333333334,0.5336689,0.31913212,-0.028292663,0.95,0.56907487,0.2327534,-0.05350866,0.95,0.5052939,0.30924544,0.054399423,0.95,0.5720768,0.36611614,-0.057858434,0.95,0.5553817,0.35025585,-0.035706647,0.95,0.48520932,0.35647783,-0.041819192,0.95,0.5318437,0.3771263,0.087227896,0.95,0.5706348,0.30196533,-0.015712347,0.95,0.51737255,0.3181752,0.027950132,0.95,0.46628514,0.37620965,-0.01306611,0.95,0.43152526,0.3340879,-0.055699788,0.95,0.6179738,0.42217964,0.07026453,0.95,0.4569365,0.32925633,-0.03370155,0.95,0.6940603,0.39507556,-0.0141314035,0.95,0.47167116,0.48066255,0.14062099,0.95,0.6753228,0.51881003,-0.03890654,0.95,0.36250535,0.5204422,0.15427108,0.95,0.68465877,0.5007186,0.1363442,0.95,0.3523211,0.5030948,0.06235261,0.95,0.7146166,0.38060018,-0.05237547,0.95,0.4276395,0.5388487,0.15267226,0.95,0.6773147,0.39913994,0.04278605,0.95,0.27140498,0.5418019,0.010648284,0.95,0.6033549,0.58063465,0.06987355,0.95,0.46188095,0.54408,0.021623459,0.95,0.61087006,0.69230956,0.08539558,0.95,0.518884,0.68558586,0.026922213,0.95,0.6096675,0.7879051,0.34027812,0.95,0.4390275,0.78067684,0.30039376,0.95,0.41827548,0.73373616,0.35645354,0.95,0.5685088,0.7996436,0.23561913,0.95,0.59411937,0.8344176,0.08375455,0.95,0.3949064,0.84676766,0.017279102,0.95,0.9,0.9,0.9,0.9,0.9,0.9,0.9,0.9,0.9,0.9,0.9,0.9,0.9,0.9,0.9,0.9,0.9,0.9,0.9,0.9,0.9,0.9,0.9,0.9,0.9,0.9,0.9,0.9,0.9,0.9,0.9,0.9,0.9
8,0.26666666666666666,0.5426903,0.3102108,-0.03247672,0.95,0.57612413,0.23047414,-0.055853166,0.95,0.5132585,0.29649696,0.06640316,0.95,0.5767683,0.36853004,-0.058888074,0.95,0.5616734,0.3513971,-0.03744442,0.95,0.4945225,0.3606384,-0.046716824,0.95,0.5360051,0.37977478,0.09290063,0.95,0.57634515,0.29727745,-0.019068975,0.95,0.52499217,0.31285223,0.030031765,0.95,0.4811833,0.37440175,-0.014822391,0.95,0.44004044,0.3273022,-0.057193063,0.95,0.62610674,0.4224743,0.07678617,0.95,0.46861207,0.3219482,-0.040926736,0.95,0.69912267,0.38802955,-0.020278705,0.95,0.4822325,0.48068693,0.14778124,0.95,0.68773264,0.5213935,-0.04639147,0.95,0.35379207,0.52186996,0.1566377,0.95,0.6993854,0.5103807,0.14974824,0.95,0.34540734,0.5127051,0.07050644,0.95,0.7192835,0.38459128,-0.06353928,0.95,0.4450396,0.54206675,0.15696307,0.95,0.6925094,0.3864361,0.049794577,0.95,0.25942352,0.5449915,0.007829618,0.95,0.60914344,0.5821466,0.07160299,0.95,0.4620805,0.5428991,0.020875987,0.95,0.6167371,0.6932339,0.08813489,0.95,0.5256403,0.6872735,0.03044653,0.95,0.6151206,0.79292727,0.34248826,0.95,0.44395795,0.7868252,0.305738,0.95,0.41251102,0.73287743,0.3606991,0.95,0.57166845,0.8049034,0.25074044,0.95,0.59876806,0.8392904,0.081254326,0.95,0.39610085,0.84898937,0.010892411,0.95,0.9,0.9,0.9,0.9,0.9,0.9,0.9,0.9,0.9,0.9,0.9,0.9,0.9,0.9,0.9,0.9,0.9,0.9,0.9,0.9,0.9,0.9,0.9,0.9,0.9,0.9,0.9,0.9,0.9,0.9,0.9,0.9,0.9
9,0.3,0.5509754,0.30277172,-0.035958927,0.95,0.58031344,0.22934222,-0.057020776,0.95,0.52145284,0.28580987,0.07625698,0.95,0.58119893,0.3696591,-0.059274796,0.95,0.5654036,0.35165104,-0.037694044,0.95,0.50185186,0.36253044,-0.04986295,0.95,0.53727347,0.38135883,0.098649226,0.95,0.5798578,0.29327944,-0.021266785,0.95,0.52980095,0.3077246,0.033589877,0.95,0.4942402,0.3721114,-0.015425366,0.95,0.45223993,0.32186407,-0.057933055,0.95,0.63027614,0.4227534,0.08125865,0.95,0.47726867,0.3171007,-0.045580495,0.95,0.7017951,0.38208324,-0.023667341,0.95,0.49103478,0.47929296,0.15313737,0.95,0.69662505,0.5229318,-0.052120116,0.95,0.34444764,0.52203166,0.15777138,0.95,0.7081231,0.5187371,0.15939842,0.95,0.33864313,0.5198237,0.0772899,0.95,0.72235566,0.39115453,-0.07106311,0.95,0.45926943,0.54409885,0.15951306,0.95,0.7013791,0.37592328,0.05453795,0.95,0.2500549,0.54651344,0.008048054,0.95,0.61252546,0.5829799,0.07261101,0.95,0.457559,0.54343015,0.02183629,0.95,0.620868,0.69382155,0.09036876,0.95,0.52952534,0.6883375,0.033978112,0.95,0.6194541,0.7962948,0.34351724,0.95,0.44948614,0.79139394,0.3091724,0.95,0.40702426,0.7316151,0.36286652,0.95,0.5741413,0.80837744,0.26262963,0.95,0.6027145,0.8422758,0.077423766,0.95,0.40194407,0.8504539,0.0037071977,0.95,0.9,0.9,0.9,0.9,0.9,0.9,0.9,0.9,0.9,0.9,0.9,0.9,0.9,0.9,0.9,0.9,0.9,0.9,0.9,0.9,0.9,0.9,0.9,0.9,0.9,0.9,0.9,0.9,0.9,0.9,0.9,0.9,0.9
10,0.3333333333333333,0.55754495,0.29727286,-0.03900068,0.95,0.5827489,0.22878717,-0.05747603,0.95,0.5291126,0.27807382,0.08328539,0.95,0.5848061,0.3698109,-0.059382077,0.95,0.56773365,0.35126123,-0.036954664,0.95,0.5070012,0.36237276,-0.05171141,0.95,0.5371089,0.38225585,0.10346794,0.95,0.58193856,0.2902238,-0.022218227,0.95,0.5326482,0.30310404,0.037976943,0.95,0.5038898,0.3697204,-0.015868422,0.95,0.4655085,0.31855348,-0.05828815,0.95,0.63208014,0.42331442,0.08378533,0.95,0.48316127,0.31420112,-0.048280466,0.95,0.7032426,0.37735283,-0.025407923,0.95,0.49768236,0.4771935,0.1568129,0.95,0.7027125,0.52363795,-0.055817936,0.95,0.33574533,0.52177006,0.15843591,0.95,0.7130107,0.52510184,0.16527885,0.95,0.33256385,0.5248547,0.08290087,0.95,0.7243188,0.39807957,-0.07576073,0.95,0.46998954,0.5453409,0.1610459,0.95,0.7062518,0.36817008,0.056033444,0.95,0.24339592,0.5470132,0.01111459,0.95,0.6144372,0.5834005,0.07300177,0.95,0.45024815,0.5451831,0.02397819,0.95,0.62388223,0.69421285,0.09201102,0.95,0.5314291,0.6890609,0.036395937,0.95,0.6229724,0.79837406,0.34387884,0.95,0.45506948,0.7945994,0.3113551,0.95,0.40311685,0.729704,0.36370358,0.95,0.5761165,0.81048155,0.271118,0.95,0.606077,0.8439451,0.07269585,0.95,0.40962183,0.85134053,-0.003056581,0.95,0.9,0.9,0.9,0.9,0.9,0.9,0.9,0.9,0.9,0.9,0.9,0.9,0.9,0.9,0.9,0.9,0.9,0.9,0.9,0.9,0.9,0.9,0.9,0.9,0.9,0.9,0.9,0.9,0.9,0.9,0.9,0.9,0.9
11,0.36666666666666664,0.5618909,0.29374835,-0.041525286,0.95,0.58415127,0.22859316,-0.057574846,0.95,0.536045,0.2727494,0.08781816,0.95,0.58728904,0.36960685,-0.05937982,0.95,0.5691831,0.35030317,-0.03571891,0.95,0.51015466,0.36084458,-0.05266401,0.95,0.5365538,0.3827976,0.106933795,0.95,0.5831154,0.2879055,-0.022307381,0.95,0.5340524,0.29882762,0.042160276,0.95,0.5101943,0.3674319,-0.016563632,0.95,0.47707546,0.31684723,-0.05843944,0.95,0.6325656,0.42427877,0.084953554,0.95,0.48702797,0.31259283,-0.049706098,0.95,0.70412624,0.37376624,-0.026514,0.95,0.5019003,0.47484225,0.15882872,0.95,0.7065901,0.52372265,-0.057651144,0.95,0.3286099,0.5218012,0.15913609,0.95,0.7157256,0.52933115,0.16855182,0.95,0.32758856,0.52824116,0.08755726,0.95,0.72547275,0.40359366,-0.07852846,0.95,0.47719288,0.5460399,0.16187876,0.95,0.70892733,0.36303952,0.05500813,0.95,0.23908934,0.54690593,0.0159221,0.95,0.6155379,0.5835808,0.07296806,0.95,0.44233662,0.5473024,0.02634487,0.95,0.6258798,0.69447595,0.09320891,0.95,0.5318739,0.6895457,0.037635606,0.95,0.6256878,0.7995208,0.34381464,0.95,0.4602977,0.79678917,0.31285924,0.95,0.40133673,0.7273707,0.36372137,0.95,0.5775604,0.8117052,0.2777433,0.95,0.6091432,0.84479403,0.06766914,0.95,0.41705444,0.8518321,-0.007972936,0.95,0.9,0.9,0.9,0.9,0.9,0.9,0.9,0.9,0.9,0.9,0.9,0.9,0.9,0.9,0.9,0.9,0.9,0.9,0.9,0.9,0.9,0.9,0.9,0.9,0.9,0.9,0.9,0.9,0.9,0.9,0.9,0.9,0.9
12,0.4,0.56439286,0.29193646,-0.043401282,0.95,0.5849461,0.22864763,-0.057498105,0.95,0.5422218,0.26921234,0.09074024,0.95,0.5888557,0.36963093,-0.05934902,0.95,0.57006794,0.3490422,-0.034271143,0.95,0.51203185,0.35874006,-0.05303307,0.95,0.53610975,0.3832118,0.10923863,0.95,0.58384866,0.286135,-0.021965034,0.95,0.5343679,0.2949476,0.045385,0.95,0.5139112,0.3652549,-0.017521426,0.95,0.48580888,0.3159449,-0.058486775,0.95,0.6324368,0.4254184,0.08537675,0.95,0.48940125,0.3117042,-0.050421763,0.95,0.70472455,0.37122512,-0.02764511,0.95,0.5041569,0.4725931,0.15980794,0.95,0.7089413,0.5234371,-0.05823451,0.95,0.32331154,0.52225983,0.15996206,0.95,0.71728975,0.5318114,0.1703585,0.95,0.32396722,0.53034806,0.091330886,0.95,0.7261041,0.40725544,-0.08006973,0.95,0.4817246,0.5464417,0.16223839,0.95,0.7104924,0.3599695,0.05290144,0.95,0.23638013,0.54648924,0.02087811,0.95,0.61624163,0.58361983,0.072747506,0.95,0.4353235,0.5494198,0.028314961,0.95,0.6270287,0.6946506,0.094078116,0.95,0.53127205,0.6898774,0.038144335,0.95,0.62764025,0.800105,0.34335116,0.95,0.46509078,0.7982463,0.31381613,0.95,0.40103912,0.72492164,0.36334857,0.95,0.5786019,0.81241286,0.28319338,0.95,0.6118071,0.84518003,0.062421728,0.95,0.4231628,0.85209626,-0.010796408,0.95,0.9,0.9,0.9,0.9,0.9,0.9,0.9,0.9,0.9,0.9,0.9,0.9,0.9,0.9,0.9,0.9,0.9,0.9,0.9,0.9,0.9,0.9,0.9,0.9,0.9,0.9,0.9,0.9,0.9,0.9,0.9,0.9,0.9
13,0.43333333333333335,0.56573975,0.2912041,-0.044712562,0.95,0.5853762,0.22882943,-0.057318166,0.95,0.5477309,0.2669066,0.092808925,0.95,0.5898214,0.37012276,-0.059326928,0.95,0.57062674,0.3476912,-0.03267405,0.95,0.5134107,0.35659152,-0.053032465,0.95,0.5358411,0.38361073,0.110738866,0.95,0.5844641,0.28491822,-0.021398973,0.95,0.53384876,0.2915544,0.047410596,0.95,0.5157394,0.36307234,-0.018749498,0.95,0.4920031,0.31528962,-0.058476985,0.95,0.6321395,0.42642584,0.08556489,0.95,0.4907232,0.31113467,-0.050792042,0.95,0.7051377,0.3695387,-0.029032124,0.95,0.50520456,0.47060767,0.16042453,0.95,0.71032155,0.52297956,-0.058132175,0.95,0.31939882,0.52300376,0.1607846,0.95,0.7182427,0.5330648,0.1714013,0.95,0.32175443,0.53154004,0.09427709,0.95,0.726468,0.40953264,-0.08091017,0.95,0.48473,0.5467171,0.16226871,0.95,0.7115322,0.3582873,0.05067192,0.95,0.23460197,0.54593235,0.024881637,0.95,0.6167936,0.5835761,0.07249368,0.95,0.42999646,0.5513995,0.029729916,0.95,0.62760335,0.69476753,0.09469768,0.95,0.5300059,0.69012696,0.0382828,0.95,0.62901825,0.8004037,0.34251136,0.95,0.4697096,0.7991958,0.31422022,0.95,0.4013278,0.7224782,0.36283448,0.95,0.5794493,0.81280184,0.28771713,0.95,0.61394596,0.8453204,0.056964383,0.95,0.42753935,0.8522396,-0.01208968,0.95,0.9,0.9,0.9,0.9,0.9,0.9,0.9,0.9,0.9,0.9,0.9,0.9,0.9,0.9,0.9,0.9,0.9,0.9,0.9,0.9,0.9,0.9,0.9,0.9,0.9,0.9,0.9,0.9,0.9,0.9,0.9,0.9,0.9
14,0.4666666666666667,0.5664939,0.29091406,-0.045654636,0.95,0.58558244,0.22903606,-0.057065368,0.95,0.55265784,0.26532522,0.09443862,0.95,0.5904129,0.3709865,-0.05932617,0.95,0.57101953,0.34628737,-0.030946212,0.95,0.51470846,0.35463428,-0.052801855,0.95,0.53563577,0.38400447,0.11172899,0.95,0.58509624,0.2842746,-0.020668637,0.95,0.5326966,0.28860992,0.048365608,0.95,0.5162191,0.36083135,-0.020264361,0.95,0.49634504,0.31463423,-0.05842696,0.95,0.63188374,0.4271649,0.08583053,0.95,0.49137765,0.31066626,-0.051000547,0.95,0.70541555,0.36846298,-0.030603675,0.95,0.5056049,0.46883935,0.16099432,0.95,0.71106297,0.5224489,-0.05763712,0.95,0.3162643,0.5239234,0.16151536,0.95,0.71883154,0.53355944,0.17206404,0.95,0.32074568,0.53214085,0.09644478,0.95,0.7267298,0.41097724,-0.08137224,0.95,0.48708624,0.5469315,0.16204146,0.95,0.71230096,0.35744342,0.048616312,0.95,0.23334928,0.5453,0.027672566,0.95,0.6173048,0.58348817,0.07226268,0.95,0.42650193,0.5531302,0.030663898,0.95,0.627838,0.69485044,0.09514978,0.95,0.5283863,0.6903239,0.038206175,0.95,0.6300566,0.8005642,0.34140682,0.95,0.47432914,0.79980695,0.3141856,0.95,0.40167165,0.72005177,0.36223733,0.95,0.5802321,0.81296825,0.29164487,0.95,0.6156168,0.84532475,0.05150511,0.95,0.43028873,0.852311,-0.012514549,0.95,0.9,0.9,0.9,0.9,0.9,0.9,0.9,0.9,0.9,0.9,0.9,0.9,0.9,0.9,0.9,0.9,0.9,0.9,0.9,0.9,0.9,0.9,0.9,0.9,0.9,0.9,0.9,0.9,0.9,0.9,0.9,0.9,0.9
15,0.5,0.5669793,0.29070574,-0.046369497,0.95,0.5856526,0.22921811,-0.05677387,0.95,0.5569481,0.26414317,0.09578345,0.95,0.5907688,0.3719767,-0.059340607,0.95,0.57132345,0.34488,-0.029195188,0.95,0.5160073,0.35290405,-0.052447066,0.95,0.5353974,0.3843395,0.11239736,0.95,0.5857338,0.28405452,-0.019861918,0.95,0.5311578,0.28604773,0.048553415,0.95,0.51586515,0.3585876,-0.021954615,0.95,0.49944064,0.31392193,-0.058349878,0.95,0.63171244,0.42763355,0.086234525,0.95,0.49164426,0.31022984,-0.05112717,0.95,0.7055924,0.3677894,-0.032172024,0.95,0.5056961,0.46721745,0.16153765,0.95,0.7113909,0.5218782,-0.056928862,0.95,0.31361097,0.52490807,0.16214028,0.95,0.71920395,0.5336375,0.17256173,0.95,0.32046464,0.5323836,0.09789196,0.95,0.7269605,0.41197062,-0.081638,0.95,0.48915365,0.5470968,0.16163646,0.95,0.7129019,0.35708505,0.046772137,0.95,0.2324292,0.5446219,0.029513497,0.95,0.6177855,0.58337826,0.07206992,0.95,0.42449784,0.55456215,0.031251654,0.95,0.6278756,0.69491184,0.09549739,0.95,0.52664614,0.69047165,0.038019862,0.95,0.63089716,0.8006564,0.3401943,0.95,0.47873947,0.80019045,0.3138904,0.95,0.40189552,0.717735,0.36157894,0.95,0.58096254,0.81297505,0.2951351,0.95,0.6169107,0.84524393,0.046432327,0.95,0.43188837,0.85233593,-0.01249637,0.95,0.9,0.9,0.9,0.9,0.9,0.9,0.9,0.9,0.9,0.9,0.9,0.9,0.9,0.9,0.9,0.9,0.9,0.9,0.9,0.9,0.9,0.9,0.9,0.9,0.9,0.9,0.9,0.9,0.9,0.9,0.9,0.9,0.9
16,0.5333333333333333,0.5673337,0.29047573,-0.04691929,0.95,0.585646,0.22937255,-0.056493573,0.95,0.5604738,0.263228,0.09685787,0.95,0.59097266,0.3728574,-0.059354346,0.95,0.57155937,0.34360486,-0.02762382,0.95,0.51722157,0.35134548,-0.052063078,0.95,0.5351012,0.38455403,0.11285219,0.95,0.5863031,0.28398556,-0.019128967,0.95,0.52954024,0.28383768,0.048320472,0.95,0.5151641,0.35645756,-0.023604278,0.95,0.5017387,0.31319103,-0.05826246,0.95,0.63158566,0.4278866,0.086668335,0.95,0.4917079,0.3098506,-0.051204402,0.95,0.70569557,0.36735836,-0.03356529,0.95,0.5056816,0.46575207,0.16195874,0.95,0.7114888,0.5212765,-0.056167293,0.95,0.31144035,0.5258265,0.16267262,0.95,0.7194768,0.5335135,0.17300819,0.95,0.32036012,0.53241384,0.09870246,0.95,0.7271712,0.41273248,-0.08181497,0.95,0.49091247,0.5472127,0.16116384,0.95,0.7133861,0.35700992,0.04514565,0.95,0.2317686,0.5439346,0.030805593,0.95,0.6182009,0.5832576,0.071917646,0.95,0.42342344,0.555707,0.031621773,0.95,0.62779343,0.69495606,0.09577246,0.95,0.5249611,0.6905679,0.037844647,0.95,0.63157964,0.8007169,0.3390343,0.95,0.48249793,0.8004128,0.31350273,0.95,0.40201336,0.715701,0.36092576,0.95,0.5815917,0.8128761,0.2981452,0.95,0.6178851,0.84510607,0.04218776,0.95,0.43293288,0.8523343,-0.012217197,0.95,0.9,0.9,0.9,0.9,0.9,0.9,0.9,0.9,0.9,0.9,0.9,0.9,0.9,0.9,0.9,0.9,0.9,0.9,0.9,0.9,0.9,0.9,0.9,0.9,0.9,0.9,0.9,0.9,0.9,0.9,0.9,0.9,0.9
17,0.5666666666666667,0.56760234,0.2902331,-0.047333,0.95,0.58560014,0.22951345,-0.05626735,0.95,0.5632039,0.26254097,0.09764782,0.95,0.5910767,0.37350315,-0.05935582,0.95,0.5717315,0.34257793,-0.026408022,0.95,0.5182464,0.34990567,-0.051721834,0.95,0.5347726,0.38462946,0.113158725,0.95,0.58675164,0.2838588,-0.018582169,0.95,0.5281084,0.28196177,0.047934674,0.95,0.5144414,0.35454887,-0.025042847,0.95,0.50352645,0.31251162,-0.058178954,0.95,0.6314588,0.42799455,0.08701762,0.95,0.4916805,0.3095688,-0.051246773,0.95,0.7057487,0.36706355,-0.03469652,0.95,0.5056758,0.46449724,0.16218898,0.95,0.7114896,0.5206552,-0.055464577,0.95,0.3097967,0.52659136,0.16313174,0.95,0.71972126,0.53330207,0.17343791,0.95,0.3201054,0.53231066,0.09899124,0.95,0.7273569,0.41335255,-0.081963174,0.95,0.4922744,0.5472839,0.16072004,0.95,0.71378374,0.3570999,0.04373395,0.95,0.23132528,0.5432773,0.03183541,0.95,0.6185259,0.5831344,0.07180148,0.95,0.422802,0.5566057,0.031868648,0.95,0.62764025,0.6949856,0.095987335,0.95,0.523448,0.6906169,0.037763655,0.95,0.63211304,0.80076575,0.338049,0.95,0.4853254,0.8005164,0.3131405,0.95,0.40209153,0.71406657,0.36034787,0.95,0.5820869,0.8127145,0.30063912,0.95,0.61858726,0.8449321,0.039016336,0.95,0.43383056,0.85232097,-0.011758263,0.95,0.9,0.9,0.9,0.9,0.9,0.9,0.9,0.9,0.9,0.9,0.9,0.9,0.9,0.9,0.9,0.9,0.9,0.9,0.9,0.9,0.9,0.9,0.9,0.9,0.9,0.9,0.9,0.9,0.9,0.9,0.9,0.9,0.9
18,0.6,0.567801,0.28999677,-0.04763866,0.95,0.58553493,0.22965054,-0.056111246,0.95,0.56524175,0.26205635,0.098169714,0.95,0.5911156,0.3739091,-0.05934367,0.95,0.5718482,0.34181926,-0.02559747,0.95,0.5190312,0.34857035,-0.051455736,0.95,0.53445226,0.38459682,0.113361776,0.95,0.58707625,0.2836153,-0.018232778,0.95,0.5269889,0.2803876,0.04754077,0.95,0.5138149,0.35291582,-0.026218794,0.95,0.50495285,0.31194127,-0.058106184,0.95,0.63131773,0.42802286,0.08724433,0.95,0.4916196,0.30939496,-0.05126365,0.95,0.70577204,0.36685187,-0.035564482,0.95,0.50571996,0.46348345,0.16223244,0.95,0.71146804,0.520036,-0.05486132,0.95,0.3086377,0.5271875,0.16353656,0.95,0.7199577,0.53305525,0.17382878,0.95,0.3196739,0.5321166,0.098897755,0.95,0.7275175,0.41384533,-0.08210849,0.95,0.49323967,0.5473201,0.16035347,0.95,0.7141122,0.35727814,0.042520937,0.95,0.23104973,0.5426768,0.03271753,0.95,0.6187643,0.58301693,0.07171315,0.95,0.4223782,0.5573027,0.03204591,0.95,0.6274566,0.6950039,0.09614898,0.95,0.52215266,0.69063133,0.03778643,0.95,0.6325167,0.80081075,0.3372941,0.95,0.48725507,0.8005338,0.3128607,0.95,0.40218297,0.71283275,0.3598752,0.95,0.58245957,0.81251967,0.3026702,0.95,0.61907,0.8447399,0.036868084,0.95,0.434703,0.8523041,-0.011196363,0.95,0.9,0.9,0.9,0.9,0.9,0.9,0.9,0.9,0.9,0.9,0.9,0.9,0.9,0.9,0.9,0.9,0.9,0.9,0.9,0.9,0.9,0.9,0.9,0.9,0.9,0.9,0.9,0.9,0.9,0.9,0.9,0.9,0.9
19,0.6333333333333333,0.5679388,0.28976765,-0.04786581,0.95,0.5854595,0.22978576,-0.05601895,0.95,0.56674457,0.26174036,0.09846861,0.95,0.59111357,0.3741323,-0.059322465,0.95,0.571922,0.3412817,-0.025136055,0.95,0.51957965,0.34734806,-0.051263794,0.95,0.5341728,0.38450694,0.113493405,0.95,0.58730096,0.28329304,-0.01802425,0.95,0.52618366,0.27906978,0.047196142,0.95,0.5132776,0.35156098,-0.027160943,0.95,0.5060865,0.31150648,-0.0580447,0.95,0.6311689,0.42802164,0.087363236,0.95,0.491547,0.30931506,-0.05126187,0.95,0.7057803,0.36670446,-0.03621094,0.95,0.50580764,0.4626977,0.16213618,0.95,0.711456,0.51944196,-0.0543498,0.95,0.3078688,0.527642,0.16389997,0.95,0.7201797,0.5327941,0.17414032,0.95,0.31918794,0.5318619,0.09855903,0.95,0.7276566,0.4142052,-0.082257055,0.95,0.4938727,0.5473319,0.16007277,0.95,0.7143812,0.35749033,0.041487586,0.95,0.23088987,0.54214406,0.033470195,0.95,0.61893576,0.5829119,0.07164345,0.95,0.42206824,0.5578324,0.03217926,0.95,0.6272773,0.69501454,0.09626481,0.95,0.5210677,0.69062644,0.037875913,0.95,0.63281715,0.80085206,0.33676594,0.95,0.48849288,0.8004917,0.31267604,0.95,0.4023173,0.7119318,0.35950184,0.95,0.5827433,0.8123094,0.3043269,0.95,0.6193863,0.84454423,0.03552076,0.95,0.43549964,0.8522874,-0.010611768,0.95,0.9,0.9,0.9,0.9,0.9,0.9,0.9,0.9,0.9,0.9,0.9,0.9,0.9,0.9,0.9,0.9,0.9,0.9,0.9,0.9,0.9,0.9,0.9,0.9,0.9,0.9,0.9,0.9,0.9,0.9,0.9,0.9,0.9
